{
  "study_name": "tokenizer_optimization",
  "n_trials": 2,
  "best_value": 0.217065281716607,
  "best_params": {
    "max_token_len": 22,
    "min_freq": 7,
    "top_k_add": 55,
    "vocab_budget": 1556,
    "tau": 0.00582938454299474,
    "alpha": 0.6327387530778792,
    "beta": 0.27638457617723067,
    "merge_reward": 0.045227288910538066,
    "short_penalty": 0.6506606615265287,
    "tok_space_penalty": 0.388677289689482,
    "gamma_boundary": 0.061556316037040225,
    "mu_morph": 0.43149500366077176,
    "prefix_reward": 0.035675332669358926,
    "suffix_reward": 0.042140176453107116,
    "feat_space_penalty": 0.5426960831582485,
    "email_reward": -0.4295378875126187,
    "url_reward": -0.09890150962298017,
    "hashtag_reward": -0.18508987126404586,
    "embedding_mode": "ppmi",
    "morph_k": 51,
    "lambda_morph": 0.011049202253484457,
    "morph_gamma": 0.0027950159165083337,
    "refine_lr": 0.07361716094628554,
    "refine_steps": 38,
    "optimizer": "sgd",
    "use_minibatch": true,
    "batch_size_pairs": 14212,
    "batch_size_edges": 8907,
    "batch_size_semantic": 849,
    "use_semantic_consistency": false,
    "use_structure_mapping": false,
    "use_cross_kl": false,
    "use_dp_eig": true,
    "use_iterative_eig": false,
    "ngram_orders": "2_3_4",
    "max_tokens": 30909,
    "max_iterations": 80
  },
  "best_trial": {
    "number": 1,
    "value": 0.217065281716607,
    "params": {
      "max_token_len": 22,
      "min_freq": 7,
      "top_k_add": 55,
      "vocab_budget": 1556,
      "tau": 0.00582938454299474,
      "alpha": 0.6327387530778792,
      "beta": 0.27638457617723067,
      "merge_reward": 0.045227288910538066,
      "short_penalty": 0.6506606615265287,
      "tok_space_penalty": 0.388677289689482,
      "gamma_boundary": 0.061556316037040225,
      "mu_morph": 0.43149500366077176,
      "prefix_reward": 0.035675332669358926,
      "suffix_reward": 0.042140176453107116,
      "feat_space_penalty": 0.5426960831582485,
      "email_reward": -0.4295378875126187,
      "url_reward": -0.09890150962298017,
      "hashtag_reward": -0.18508987126404586,
      "embedding_mode": "ppmi",
      "morph_k": 51,
      "lambda_morph": 0.011049202253484457,
      "morph_gamma": 0.0027950159165083337,
      "refine_lr": 0.07361716094628554,
      "refine_steps": 38,
      "optimizer": "sgd",
      "use_minibatch": true,
      "batch_size_pairs": 14212,
      "batch_size_edges": 8907,
      "batch_size_semantic": 849,
      "use_semantic_consistency": false,
      "use_structure_mapping": false,
      "use_cross_kl": false,
      "use_dp_eig": true,
      "use_iterative_eig": false,
      "ngram_orders": "2_3_4",
      "max_tokens": 30909,
      "max_iterations": 80
    },
    "user_attrs": {
      "tpc": 0.6189516129032258,
      "zipf_div": 0.015689898922819637,
      "identifier_frag": 0.0
    }
  }
}